Judul,Kategori
Aldila Sutjiadi Tambah Pundi-pundi Emas Indonesia,Olahraga
Road to Semifinal Timnas Indonesia U-22 di SEA Games 2019,Olahraga
Head to Head Myanmar Vs Indonesia: Unggul  Garuda Muda Mulai Sulit Menang,Olahraga
Mustafi Dicoret dari Skuat Arsenal  Ini Penjelasan Ljungberg,Olahraga
Kalau Ada Tawaran yang Tepat  Gareth Bale Akan Bicara dengan Real Madrid,Olahraga
Aldila Sutjiadi Segel Emas SEA Games dari Tenis,Olahraga
Jadwal Liga 1 Hari Ini: Borneo FC Vs Tira Persikabo,Olahraga
Cibir Ronaldo  Ibrahimovic: Pindah ke Juventus Bukanlah Tantangan,Olahraga
Dea Salsabila Raih Emas Lagi dari Modern Pentathlon,Olahraga
Jarang Nirbobol Tak Masalah  yang Penting Liverpool Menang Terus,Olahraga
Jadwal Liga Spanyol Pekan ke-15,Olahraga
Arsenal  Kok Ketagihan Puasa Kemenangan?,Olahraga
Jadwal Semifinal SEA Games 2019: Myanmar Vs Indonesia,Olahraga
10 Fakta Jelang Manchester City Vs Manchester United,Olahraga
Jadwal Liga Italia Pekan Ini,Olahraga
Liga Spanyol Pekan Ini: Laga Mudah untuk Barcelona dan Real Madrid,Olahraga
Duel Inter Vs Roma di Giuseppe Meazza,Olahraga
Maraton Putra Indonesia Sumbang Emas Pertama Hari Ini,Olahraga
Data dan Fakta Kemenangan Indonesia Atas Laos di SEA Games 2019,Olahraga
Jadwal Liga Inggris Pekan Ini,Olahraga
Jelang Myanmar Vs Indonesia  Osvaldo Haay Latihan Terpisah,Olahraga
Liga Inggris Pekan Ini: Derby Manchester!,Olahraga
Agus Prayogo Langsung Fokus ke Lari 10 Ribu Meter,Olahraga
Arsenal Masih Melempem  Wenger Ogah Balik Lagi,Olahraga
Agus Raih Emas Pertama Maraton Usai Menantang Beton dan Cuaca,Olahraga
Semen Padang Hadapi 4 'Final'  Dimulai dari Barito,Olahraga
Klasemen Liga Inggris: MU Naik  Arsenal Merosot ke Peringkat 10,Olahraga
Mencicipi Tur ke Santiago Bernabeu: Hala Madrid!,Olahraga
Kritik Surat Kabar Italia  Lukaku: Tajuk Utama Terbodoh Selama Karierku,Olahraga
Duh  Arsenal,Olahraga
Agus Prayogo Sumbang Emas Pertama Indonesia Hari Ini,Olahraga
Motivasi Garuda Muda Bukan Uang  tapi Bangsa Indonesia,Olahraga
SEA Games 2019: Lima Cabang Berpotensi Sumbang Medali Emas Hari Ini,Olahraga
Jadwal SEA Games Hari Ini,Olahraga
Arsenal Tak Percaya Diri,Olahraga
Kekecewaan Budi Prasetyo yang Meraih Perak SEA Games,Olahraga
Cedera Lagi  Bale Absen Dua Laga,Olahraga
Arsenal Dipermalukan Brighton di Emirates,Olahraga
Marco Silva Dipecat Everton,Olahraga
Arsenal Tertinggal 0-1 dari Brighton di Babak I,Olahraga
Eropa Sepakati 'Misi Armageddon'  Selamatkan Bumi dari Ancaman Asteroid,Teknologi
Siswa SMK di Pekalongan Ciptakan Robot Sampah,Teknologi
Prediksi Seram Ilmuwan Saat Matahari Tamat Riwayatnya,Teknologi
Ilmuwan Ini Yakin Bumi Bisa Kiamat karena Asteroid,Teknologi
Unboxing Gadget Biasa  Nih Unboxing Robot Seks!,Teknologi
NASA Temukan Bangkai Wahana Antariksa India di Bulan,Teknologi
Ledakan di Monas  Ini Teknologi di Balik Granat Asap,Teknologi
Mengerikan  Badai Debu di Mars Bisa Tingginya 80 Kilometer,Teknologi
Cara Kawin Hiu Putih Besar yang Misterius,Teknologi
Lebih Suka Bercinta Lewat Video Call? Bisa Jadi Digisexuality,Teknologi
Lubang Hitam Misterius di Galaksi Kita Bikin Ilmuwan Kebingungan,Teknologi
Kenapa Air di Planet Mars Lenyap? Mungkin Ini Jawabannya,Teknologi
Duh  Ikan Kawan-kawan Nemo Terancam Punah,Teknologi
'Alita: Battle Angel' Tilly Lockey Ingin Industri Bionik Lebih Fashionable,Teknologi
Tilly 'Si Tangan Bionik' Jago Tutorial Makeup,Teknologi
Ini Dia Sosok 'Alita: Battle Angel' di Dunia Nyata,Teknologi
Wawancara Eksklusif Tilly Lockey  Alita: Battle Angel di Dunia Nyata,Teknologi
Jangan Lewatkan  Obrolan Spesial dengan Gadis Bionik,Teknologi
Teori Kontroversial Lubang Hitam 'Lahirkan' Ribuan Planet,Teknologi
Teror Tawon Vespa Makin Menyebar  Ini Kata Peneliti LIPI,Teknologi
Bahaya! Karbondioksida di Bumi Tembus Level Tertinggi,Teknologi
Menakjubkan  Saat Bulatnya Planet Mars Diselimuti Awan,Teknologi
NASA Jajal Robot Pemburu Alien Bawah Air,Teknologi
Ilmuwan Ungkap Wujud 'Monster' Purba Mirip Komodo,Teknologi
NASA Coba Rekayasa Gen Astronaut Agar Bisa Hidup di Mars,Teknologi
Cybertruck  Kendaraan Planet Mars Besutan Elon Musk,Teknologi
Awas! Asteroid 150 Meter Melesat Mepet Bumi Hari Ini,Teknologi
Mumi Singa Superlangka Ditemukan,Teknologi
Sains Terpopuler Sepekan: Asteroid Tabrak Bumi Sampai Tikus Bedah Mangsa,Teknologi
Peneliti UGM Bikin Baterai Nuklir!,Teknologi
Atasi Tekor BPJS Kesehatan  Jokowi: Menkes Sudah Temukan Jurusnya,Finance
Tak Bertambah  Cadangan Devisa RI US$ 126 M,Finance
Orang Korsel Jadi Korban Jiwasraya  BUMN RI Jelek di Mata Asing,Finance
BRI Sabet Penghargaan Indonesia Humane Entrepreneurship Award 2019,Finance
Rupiah Perkasa Lagi  Dolar AS Rp 14.018,Finance
Kinclong! IHSG Dibuka Menguat ke 6.164 Jelang Akhir Pekan,Finance
Butuh Waktu 6 Bulan untuk Hary Tanoe Beli Link Net Milik Lippo,Finance
RI-Jepang Sepakat Transaksi Ekspor Impor Pakai Mata Uang Lokal,Finance
Dirut Garuda Terciduk Selundupkan Harley  Saham GIAA 'Terbakar',Finance
Kinclong! IHSG Ditutup Melesat ke 6.152,Finance
5 Fakta Jiwasraya  Perusahaan Asuransi BUMN yang Gagal Bayar Polis,Finance
Naik 27 Poin  IHSG Melesat ke 6.140,Finance
Dolar AS 'Jinak' Lagi ke Rp 14.090,Finance
Kompak Dengan Bursa Asia  IHSG Dibuka Hijau ke 6.141,Finance
Banjir Air Mata Ratusan Warga Korsel Korban Jiwasraya,Finance
Air Mata Korban Jiwasraya Asal Korsel Tumpah di DPR,Finance
470 Orang Korsel Jadi Korban Jiwasraya  Salah Satunya Bos Samsung,Finance
Seharian Merah  IHSG Melemah ke 6.112,Finance
Puluhan Nasabah Jiwasraya Ngadu ke DPR,Finance
Huawei 'Ditendang' dari Sistem Perbankan AS,Finance
Dolar AS Masih Perkasa  Pagi Ini Rp 14.120,Finance
Terseret Bursa Asia dan AS  IHSG Dibuka Loyo,Finance
Daftar Terbaru Investasi Bodong  dari MLM hingga Umrah Murah,Finance
Luhut Pede Dolar AS Ditekan ke Rp 10.000,Finance
Bank DKI Ajak Milenial Investasi Reksadana Lewat Aplikasi TanamDuit,Finance
Luhut Pede Dolar AS Bisa ke Rp 10.000  Yakin?,Finance
Ini Penyebab Mobile Banking BCA Eror Sejak Semalam,Finance
Satu Lagi Investasi Bodong Berkedok Umrah Ditutup OJK  Ini Modusnya,Finance
Luhut Yakin Dolar AS Bisa Turun ke Rp 10.000  Bagaimana Caranya?,Finance
Luhut Yakin Dolar AS Bisa Turun ke Rp 10.000,Finance
Apa Saja Syarat Pencairan BPJS Ketenagakerjaan?,Finance
Mohon Maaf Bapak Ibu  Mobile Banking BCA Eror Sejak Malam,Finance
Sempat Ada Ledakan di Monas  Siang Ini IHSG Merah,Finance
Perdagangan Forex Sampai Umrah Jadi Modus Investasi Bodong,Finance
Ledakan Terjadi di Monas  Rupiah Keok Lawan Dolar AS,Finance
Mohon Maaf  Jiwasraya Tak Dapat Suntikan Modal Negara,Finance
Ada Ledakan di Monas  IHSG Dibuka Melemah ke 6.121,Finance
Disorot Erick Thohir  Krakatau Steel Punya Utang Rp 40 T dan 60 Anak Usaha,Finance
Terungkap! Hary Tanoe Beli Link Net Milik Grup Lippo,Finance
Erick Thohir Setop RUPS Anak Usaha BRI  Ini Alasannya,Finance
Erick Copot Dirut Garuda,Finance
Jokowi akan Gaji Pengangguran,Finance
Garuda-Sriwijaya 'Cerai' Lagi,Finance
Ciputra Meninggal Dunia,Finance
Pejabat BUMN Dirombak Habis,Finance
Jokowi Pangkas Eselon III dan IV,Finance
Harga Tiket Pesawat Turun?,Finance
Toko Online Wajib Berizin Usaha,Finance
PNS Digantikan Robot,Finance
Lowongan CPNS 2019 Dibuka,Finance
Mengenal Sosok Dua Wanita Paling Tajir di Indonesia,Finance
Pesawat Garuda yang Bawa Harley Ternyata Tak Boleh Angkut Kargo,Finance
Direktur Keuangan Pimpin Garuda Sampai RUPSLB,Finance
4 Direksi Garuda Tak Dapat Izin Naik Pesawat yang Angkut Harley,Finance
Jokowi: Impor Petrokimia Beratkan Neraca Dagang,Finance
Sosok Prajogo Pangestu  Lulusan SMP yang Jadi Orang Kaya Nomor 3 RI,Finance
John Riady ke Kantor Erick Thohir  Ada Apa?,Finance
5 Fakta Soal Ari Askhara  Dirut Garuda yang Dicopot Erick Thohir,Finance
Kasus Seperti Ari Askhara Sering Terjadi di BUMN?,Finance
Bawa Harley dan Brompton Ilegal  Garuda Bakal Didenda Menhub,Finance
Dirut Garuda Dipecat Erick Thohir  Said Didu: Memang Sudah Keterlaluan,Finance
Pemerintah Masih Godok Teknis Pemberian Diskon Pajak Super 300%,Finance
Dirkeu Jadi Plt Dirut Garuda? Komut: Nanti Lihat Keputusannya,Finance
Erick Copot Dirut Garuda  Karangan Bunga Banjiri Kementerian BUMN,Finance
Menhub Sebut Direktur Keuangan Garuda Jadi Plt Dirut,Finance
Pengusaha Kumpul di Kantor Airlangga Bahas Aturan 'Sapu Jagat',Finance
'Gaji Pengangguran' Rp 500 Ribu Cair Kelar Pelatihan,Finance
Ngeri! Selundupkan Harley  Dirut Garuda Dibayangi Hukuman Pidana,Finance
Pembelaan Helmi Yahya Usai Dicopot dari Dirut TVRI,Finance
Sederet Skandal Garuda di Bawah Kepemimpinan Ari Askhara,Finance
Bikin Sedih  Begini Kronologi Penyelundupan Harley Dirut Garuda,Finance
Duh  Ada yang Pasang Badan Selundupkan Harley di Pesawat Garuda!,Finance
Selundupkan Harley di Pesawat  Dirut Garuda Dipecat!,Finance
Erick Thohir Andalkan Komisaris Awasi Ketat Direksi Garuda,Finance
Geger Dirut Garuda Terbelit Kasus Penyelundupan Harley Davidson,Finance
Penyelundupan Harley di Pesawat Garuda Kasus Pertama Bea Cukai,Finance
Revisi UU Ketenagakerjaan Masuk Omnibus Law,Finance
Dinonaktifkan Dewan Pengawas  Helmy Yahya: Saya Dirut Sah  Save TVRI!,Finance
Nasib Harley Milik Dirut Garuda: Dirampas  Dilelang hingga Dihibahkan,Finance
Soal Harley Ilegal  Luhut Dukung Sikap Tegas Erick ke Dirut Garuda,Finance
Orang yang Pasang Badan Buat Dirut Garuda Tak Hobi Motoran,Finance
Beredar Surat Penonaktifan Helmy Yahya dari Dirut TVRI,Finance
Rapat Biaya Haji  Anggota DPR Singgung Dirut Garuda Dipecat,Finance
Sri Mulyani Soal Brompton Ilegal: Lagi Populer di Jakarta,Finance
Sri Mulyani Pelototi SAW yang Pasang Badan Buat Dirut Garuda,Finance
BNI Hong Kong Promosikan Investasi dan Ekspor Indonesia,Finance
2 Nama Baru Masuk Daftar Orang Terkaya RI,Finance
Tak Cuma Keuangan  BPK Tawarkan Program Pemeriksaan Kinerja ke IMO,Finance
Ditanya Soal Pemecatan Bosnya  Direksi Garuda: Ampun  Ampun  Ampun!,Finance
Mendag Genjot Serapan Gabah di Sistem Resi Gudang,Finance
Pria di Thailand Meninggal  Disebut Akibat Main Ponsel Sambil Dicharge,Kesehatan
Begini Cara Hadapi Dad Shaming Menurut Psikolog,Kesehatan
Gegara Menoleh Terlalu Cepat  Remaja 17 Tahun Meninggal Kena Stroke,Kesehatan
Berbagai Mitos Soal Jerawat yang Harus Diketahui,Kesehatan
Hati-hati  Gondongan Bisa Membuat Pria Jadi Mandul,Kesehatan
Pagi-pagi Stres Karena Antre dan Desakan di KRL? Ini Tips Mengatasinya,Kesehatan
Suami Enggan Urus Anak karena Dad Shaming  Ini Pemicunya,Kesehatan
Ramai Sekolah Tiga Hari  Kata Psikolog Soal Sekolah Umum Vs Homeschooling,Kesehatan
Cyberchondria  'Gangguan Jiwa' karena Keseringan Googling Penyakit,Kesehatan
Viral Bahaya Injak Kecoa Bikin Cacing Masuk ke Kulit  Ini Faktanya,Kesehatan
Pengakuan Ganjar Pranowo Nonton Film Porno dan Komentar Psikolog,Kesehatan
Kata Dokter Soal Jerawat Batu dan Berbagai Jenis Jerawat,Kesehatan
Suka Ngecat Rambut? Studi Sebut Bisa Tingkatkan Risiko Kanker Payudara,Kesehatan
Ibu Muda Suka Banding-bandingkan Hidup? Ini Saran Psikolog Agar Tak Galau,Kesehatan
Ramai Soal Kak Seto Usulkan Sekolah Tiga Hari  Ini Kata Psikolog,Kesehatan
Deretan Video YouTube Paling Trending di 2019,Teknologi
Antusiasme Apple Fanboy demi iPhone 11 Pro Resmi,Teknologi
Ditemukan! Kuburan Kapal Viking Raksasa di Desa Norwegia,Teknologi
Huawei Nova 6 Diluncurkan  Usung 5G dan Kamera Selfie Sangar,Teknologi
iPhone 11  11 Pro dan 11 Pro Max Resmi Dijual di Indonesia,Teknologi
Apple Fanboy Rela Antre dari Subuh demi iPhone 11 Pro Resmi,Teknologi
Arsenal Keok Terus  Netizen Kangen Wenger,Teknologi
Cerita Mereka yang Coba 'Detoks' Smartphone,Teknologi
Penampilan Gahar ROG Phone 2 yang Bikin Mata Tergoda,Teknologi
Pevita Pearce Cerita Soal Warnet & Pinangan Jadi Pro Player eSport,Teknologi
Eropa Sepakati 'Misi Armageddon'  Selamatkan Bumi dari Ancaman Asteroid,Teknologi
5 Alasan untuk Mulai Detoks Smartphone,Teknologi
Beragam Produk Elektronik China hingga Korsel Dipamerkan di JCC,Teknologi
Dihina Elon Musk Pedofil  Pahlawan Gua Thailand Emosional,Teknologi
Cara Upload Video di YouTube lewat HP dan Laptop,Teknologi
Unboxing Asus ROG Phone 2,Teknologi
Siswa SMK di Pekalongan Ciptakan Robot Sampah,Teknologi
Dijual dengan Berbagai Penawaran Bundel  Berapa Harga ROG Phone 2?,Teknologi
Tokopedia  Bukalapak  Shopee cs  Siapa Juaranya?,Teknologi
Ditanya Berapa Duitnya  Elon Musk Kebingungan,Teknologi
Naik Taksi Online Sering Di-cancel? Coba Pakai yang Satu Ini,Teknologi
Prediksi Seram Ilmuwan Saat Matahari Tamat Riwayatnya,Teknologi
Asus ROG Phone 2 Versi Sultan Harganya Bikin Melongo,Teknologi
Begini Cara Bikin Spotify Wrapped 2019,Teknologi
Aturan Baru! Pengguna Instagram Minimal Berusia 13 Tahun,Teknologi
e-Commerce Ini Sediakan Bahan Baku Kue Terjangkau untuk UMKM,Teknologi
Kasus Harley Berujung Pemecatan Dirut Garuda Ramai di Linimasa,Teknologi
Cara Menghapus Facebook Secara Permanen,Teknologi
Ramai di Medsos  Begini Cara Bikin Spotify Wrapped,Teknologi
Sundar Pichai Jadi CEO Alphabet Bikin Bangga India  Tapi...,Teknologi
PLN Luncurkan Program Tukar Tambah Motor BBM dengan Motor Listrik,Otomotif
Jalanan Kaltim Berbenah Sambut Jadi Ibu Kota Baru,Otomotif
Kata Toyota Soal Xpander Cross,Otomotif
Nissan Leaf Bisa Numpang Ngecas di Fasilitas Mitsubishi,Otomotif
Datsun Pamit  LCGC Toyota Makin Laris?,Otomotif
Transformasi Land Rover Defender  Kebanggaan Sang Jenderal,Otomotif
Disiplin Pajak Mobil Mewah Membaik di Tahun 2019,Otomotif
Kondisi Jalanan Kaltim Sambut Jadi Ibu Kota Baru,Otomotif
Mantap! Tahun Depan PLN Bakal Bangun 168 SPKLU,Otomotif
Maaf  Prius PHEV Tak Jadi Meluncur Akhir Tahun Ini,Otomotif
Pabrik Datsun Bakal Produksi Mobil Listrik?,Otomotif
Komunitas Mercedez-Benz Cilegon Touring ke Yogyakarta,Otomotif
Yamaha Berjubah Superhero  Nmax Jadi Spiderman,Otomotif
Kronologi Harley Ilegal Masuk ke RI yang Dibawa Garuda,Otomotif
Motor Yamaha Berjubah Superhero  Nmax Gelantungan Bak Spiderman!,Otomotif
Lamborghini Urus Pakai Plat Palsu di Jakut  Bisa Dipenjara 6 Tahun,Otomotif
Nissan Ogah Komentari Isu Datsun Hengkang dari Indonesia,Otomotif
Harley Jadul Ilegal yang Dibawa Garuda  Ditaksir Rp 800 Juta,Otomotif
Rombak Manajemen  Bos Toyota Indonesia Ikut Digeser,Otomotif
Harley Bekas Jadul di Pesawat Garuda Dibeli Lewat E-Bay,Otomotif
KTP Dicatut Pemilik Mobil Mewah  Rentan Pencucian Uang,Otomotif
Harley-Davidson yang Diangkut Garuda  Moge Tahun 70-an,Otomotif
Cerita Fajar: Driver Taksol Pertama dengan Kondisi Tuli,Otomotif
Lepas Stiker Tanda tak Bayar Pajak Mobil  akan Didenda,Otomotif
Aplikasi mToyota Makin Komplet  Ini Fitur-fitur Barunya,Otomotif
Malu Deh! Mobil Mewah Kok Ditempel Stiker Pajak,Otomotif
Alasan RI Ngotot Harus Jadi Produsen Utama Baterai Kendaraan Listrik,Otomotif
Terlalu  Lamborghini Ini Terciduk Pakai Pelat Bodong,Otomotif
Tahun Depan Nissan Bakal Sibuk  Luncurkan 3 Mobil Baru,Otomotif
Utang Pajak Kendaraan Rp 100 Juta ke Atas Bakal Masuk Penjara,Otomotif
Road to Semifinal Timnas Indonesia U-22 di SEA Games 2019,Olahraga
Mustafi Dicoret dari Skuat Arsenal  Ini Penjelasan Ljungberg,Olahraga
Kalau Ada Tawaran yang Tepat  Gareth Bale Akan Bicara dengan Real Madrid,Olahraga
Jadwal Liga 1 Hari Ini: Borneo FC Vs Tira Persikabo,Olahraga
Cibir Ronaldo  Ibrahimovic: Pindah ke Juventus Bukanlah Tantangan,Olahraga
Jarang Nirbobol Tak Masalah  yang Penting Liverpool Menang Terus,Olahraga
Jadwal Liga Spanyol Pekan ke-15,Olahraga
Arsenal  Kok Ketagihan Puasa Kemenangan?,Olahraga
Jadwal Semifinal SEA Games 2019: Myanmar Vs Indonesia,Olahraga
10 Fakta Jelang Manchester City Vs Manchester United,Olahraga
Jadwal Liga Italia Pekan Ini,Olahraga
Liga Spanyol Pekan Ini: Laga Mudah untuk Barcelona dan Real Madrid,Olahraga
Duel Inter Vs Roma di Giuseppe Meazza,Olahraga
Data dan Fakta Kemenangan Indonesia Atas Laos di SEA Games 2019,Olahraga
Jadwal Liga Inggris Pekan Ini,Olahraga
Jelang Myanmar Vs Indonesia  Osvaldo Haay Latihan Terpisah,Olahraga
Liga Inggris Pekan Ini: Derby Manchester!,Olahraga
Arsenal Masih Melempem  Wenger Ogah Balik Lagi,Olahraga
Semen Padang Hadapi 4 'Final'  Dimulai dari Barito,Olahraga
Klasemen Liga Inggris: MU Naik  Arsenal Merosot ke Peringkat 10,Olahraga
Mencicipi Tur ke Santiago Bernabeu: Hala Madrid!,Olahraga
Kritik Surat Kabar Italia  Lukaku: Tajuk Utama Terbodoh Selama Karierku,Olahraga
Duh  Arsenal,Olahraga
Motivasi Garuda Muda Bukan Uang  tapi Bangsa Indonesia,Olahraga
Arsenal Tak Percaya Diri,Olahraga
Cedera Lagi  Bale Absen Dua Laga,Olahraga
Arsenal Dipermalukan Brighton di Emirates,Olahraga
Marco Silva Dipecat Everton,Olahraga
Arsenal Tertinggal 0-1 dari Brighton di Babak I,Olahraga
Lukaku dan Smalling Jadi Korban Pelecehan Rasial Surat Kabar Italia,Olahraga
Lukaku-Lautaro Tokcer  Roma Jangan Ciut,Olahraga
Simeone: Saya Masih Didukung Pemain Atletico  Kok,Olahraga
Mau Ansu Fati? Siapkan Rp 6 2 T,Olahraga
Sebelum ke Inter  Conte Sempat Tolak Roma,Olahraga
Liverpool Full Team ke Piala Dunia Antarklub,Olahraga
MU  Buktikan Cintamu kepada Solskjaer dengan Main Bagus,Olahraga
Tatap Semifinal SEA Games 2019  Timnas U-22 Bakal Asah Penalti,Olahraga
Hadapi Fase Krusial Liga 1  Persela Fokus Tiap Laga,Olahraga
Retak Pergelangan Kaki  Hazard Akan Absen di El Clasico,Olahraga
Di Balik Tokcernya Lukaku di Inter Milan,Olahraga
